Workbook

Sheet Premissas
A1: 151 Estudo de Viabilidade – premissas (células amarelas são editáveis)
A3: Preço 2Q (R$/m² privativo) | B3: 7000
A4: Preço studio (R$/m² privativo) | B4: 8400
A5: Preço vaga excedente (R$) | B5: 35000
A6: Custo por unidade adicional (R$) | B6: 15000
A7: CUB-PR ago/2026 (R$/m²) | B7: 2730.31
A8: GI estimado EIV | B8: 0.05

Sheet Estudos
A1: Estudo | B1: Unid. | C1: Aptos 2Q | D1: Studios | E1: Priv. 2Q (m²) | F1: Priv. studios (m²) | G1: Vagas | H1: Vagas exigidas | I1: Excedentes | J1: Área construída (m²) | K1: Custo fixo (R$) | L1: Unid. adicionais vs R00 | M1: Custo obra (R$) | N1: VGV (R$) | O1: AP (EIV) | P1: Exige EIV (1/0) | Q1: Contrapartida EIV (R$) | R1: Resultado (R$) | S1: Margem
A2: A – só térreo | B2: 120 | C2: 120 | D2: 0 | E2: 5107.2 | F2: 0 | G2: 127 | H2: 126 | I2: =MAX(0,G2-H2) | J2: 7209.34 | K2: 25000000 | L2: 0 | M2: =K2+L2*Premissas!$B$6 | N2: =E2*Premissas!$B$3+F2*Premissas!$B$4+I2*Premissas!$B$5 | O2: 1 | P2: 0 | Q2: =P2*Premissas!$B$8*O2*0.25*J2*Premissas!$B$7 | R2: =N2-M2-Q2 | S2: =R2/N2
A3: B – térreo + 2 pav. | B3: 160 | C3: 160 | D3: 0 | E3: 6809.6 | F3: 0 | G3: 182 | H3: 168 | I3: =MAX(0,G3-H3) | J3: 13066.62 | K3: 41300000 | L3: 0 | M3: =K3+L3*Premissas!$B$6 | N3: =E3*Premissas!$B$3+F3*Premissas!$B$4+I3*Premissas!$B$5 | O3: 1 | P3: 1 | Q3: =P3*Premissas!$B$8*O3*0.25*J3*Premissas!$B$7 | R3: =N3-M3-Q3 | S3: =R3/N3
A4: C – 1 subsolo | B4: 180 | C4: 180 | D4: 0 | E4: 7660.8 | F4: 0 | G4: 199 | H4: 189 | I4: =MAX(0,G4-H4) | J4: 13494.12 | K4: 46800000 | L4: 0 | M4: =K4+L4*Premissas!$B$6 | N4: =E4*Premissas!$B$3+F4*Premissas!$B$4+I4*Premissas!$B$5 | O4: 1 | P4: 1 | Q4: =P4*Premissas!$B$8*O4*0.25*J4*Premissas!$B$7 | R4: =N4-M4-Q4 | S4: =R4/N4
A5: D – edif. garagem | B5: 136 | C5: 136 | D5: 0 | E5: 5788.16 | F5: 0 | G5: 146 | H5: 142 | I5: =MAX(0,G5-H5) | J5: 11094.58 | K5: 33200000 | L5: 0 | M5: =K5+L5*Premissas!$B$6 | N5: =E5*Premissas!$B$3+F5*Premissas!$B$4+I5*Premissas!$B$5 | O5: 1 | P5: 1 | Q5: =P5*Premissas!$B$8*O5*0.25*J5*Premissas!$B$7 | R5: =N5-M5-Q5 | S5: =R5/N5
A6: A2 – só térreo + studios | B6: 160 | C6: 64 | D6: 96 | E6: 2723.84 | F6: 2604.48 | G6: 127 | H6: 100 | I6: =MAX(0,G6-H6) | J6: 7616.82 | K6: 26413956 | L6: 40 | M6: =K6+L6*Premissas!$B$6 | N6: =E6*Premissas!$B$3+F6*Premissas!$B$4+I6*Premissas!$B$5 | O6: 1 | P6: 1 | Q6: =P6*Premissas!$B$8*O6*0.25*J6*Premissas!$B$7 | R6: =N6-M6-Q6 | S6: =R6/N6
A7: B2 – térreo + 2 pav. + studios | B7: 200 | C7: 80 | D7: 120 | E7: 3404.8 | F7: 3255.6 | G7: 182 | H7: 126 | I7: =MAX(0,G7-H7) | J7: 13066.62 | K7: 41300000 | L7: 40 | M7: =K7+L7*Premissas!$B$6 | N7: =E7*Premissas!$B$3+F7*Premissas!$B$4+I7*Premissas!$B$5 | O7: 1 | P7: 1 | Q7: =P7*Premissas!$B$8*O7*0.25*J7*Premissas!$B$7 | R7: =N7-M7-Q7 | S7: =R7/N7
A8: C2 – subsolo reduzido + studios | B8: 216 | C8: 108 | D8: 108 | E8: 4563 | F8: 2930.04 | G8: 151 | H8: 151 | I8: =MAX(0,G8-H8) | J8: 12293.48 | K8: 42580951 | L8: 36 | M8: =K8+L8*Premissas!$B$6 | N8: =E8*Premissas!$B$3+F8*Premissas!$B$4+I8*Premissas!$B$5 | O8: 1.25 | P8: 1 | Q8: =P8*Premissas!$B$8*O8*0.25*J8*Premissas!$B$7 | R8: =N8-M8-Q8 | S8: =R8/N8
A9: D2 – edif. garagem + studios | B9: 180 | C9: 72 | D9: 108 | E9: 3064.32 | F9: 2930.04 | G9: 123 | H9: 113 | I9: =MAX(0,G9-H9) | J9: 10735.05 | K9: 33336117 | L9: 44 | M9: =K9+L9*Premissas!$B$6 | N9: =E9*Premissas!$B$3+F9*Premissas!$B$4+I9*Premissas!$B$5 | O9: 1 | P9: 1 | Q9: =P9*Premissas!$B$8*O9*0.25*J9*Premissas!$B$7 | R9: =N9-M9-Q9 | S9: =R9/N9
A10: C3 – sem subsolo, 100% studios | B10: 252 | C10: 0 | D10: 252 | E10: 0 | F10: 7324.92 | G10: 91 | H10: 88 | I10: =MAX(0,G10-H10) | J10: 10492.52 | K10: 36252378 | L10: 72 | M10: =K10+L10*Premissas!$B$6 | N10: =E10*Premissas!$B$3+F10*Premissas!$B$4+I10*Premissas!$B$5 | O10: 1.25 | P10: 1 | Q10: =P10*Premissas!$B$8*O10*0.25*J10*Premissas!$B$7 | R10: =N10-M10-Q10 | S10: =R10/N10
A11: A2 – só térreo + studios 100% | B11: 192 | C11: 0 | D11: 192 | E11: 0 | F11: 5208.96 | G11: 127 | H11: 67 | I11: =MAX(0,G11-H11) | J11: 7616.82 | K11: 26413956 | L11: 72 | M11: =K11+L11*Premissas!$B$6 | N11: =E11*Premissas!$B$3+F11*Premissas!$B$4+I11*Premissas!$B$5 | O11: 1 | P11: 1 | Q11: =P11*Premissas!$B$8*O11*0.25*J11*Premissas!$B$7 | R11: =N11-M11-Q11 | S11: =R11/N11
A12: B2 – térreo + 2 pav. + studios 100% | B12: 240 | C12: 0 | D12: 240 | E12: 0 | F12: 6511.2 | G12: 158 | H12: 84 | I12: =MAX(0,G12-H12) | J12: 13066.62 | K12: 41300000 | L12: 80 | M12: =K12+L12*Premissas!$B$6 | N12: =E12*Premissas!$B$3+F12*Premissas!$B$4+I12*Premissas!$B$5 | O12: 1.25 | P12: 1 | Q12: =P12*Premissas!$B$8*O12*0.25*J12*Premissas!$B$7 | R12: =N12-M12-Q12 | S12: =R12/N12
A13: D2 – edif. garagem + studios 100% | B13: 216 | C13: 0 | D13: 216 | E13: 0 | F13: 5860.08 | G13: 77 | H13: 75 | I13: =MAX(0,G13-H13) | J13: 9201.03 | K13: 30780440 | L13: 80 | M13: =K13+L13*Premissas!$B$6 | N13: =E13*Premissas!$B$3+F13*Premissas!$B$4+I13*Premissas!$B$5 | O13: 1.25 | P13: 1 | Q13: =P13*Premissas!$B$8*O13*0.25*J13*Premissas!$B$7 | R13: =N13-M13-Q13 | S13: =R13/N13
A15: Custo fixo = custo da obra do R00 ± diferenças de área/garagem (ver PDF comparativo); a parcela por unidade adicional é recalculada pela premissa.
A16: Linhas -100 são indicativas (sem prancha). Vagas exigidas: LC 26/2020 art. 259 + Anexo VII (studios 1 vaga a cada 3; 2Q 1/un.; visitantes 5%).
