Workbook

Sheet Premissas
A1: 153 Estudo de Viabilidade – premissas (células amarelas são editáveis)
A3: Preço 2Q (R$/m² privativo) | B3: 7000
A4: Preço 3Q (R$/m² privativo) | B4: 6800
A5: Preço studio (R$/m² privativo) | B5: 8400
A6: Preço vaga excedente (R$) | B6: 35000
A7: Custo R$/m² construído (torre/térreo/ático) | B7: 3470
A8: Custo R$/m² subsolo | B8: 3514
A9: Custo extra por studio (R$) | B9: 5000
A10: Demolição (R$) | B10: 40000
A11: Terreno – valor venal CND (R$) | B11: 3282771.8

Sheet Opcoes
A1: Opção | B1: Unid. | C1: 2Q | D1: 3Q | E1: Studios | F1: Priv. 2Q (m²) | G1: Priv. 3Q (m²) | H1: Priv. studios (m²) | I1: Vagas | J1: Exigidas | K1: Excedentes | L1: Construída exceto subsolo (m²) | M1: Subsolo (m²) | N1: Custo obra (R$) | O1: VGV (R$) | P1: Resultado (R$) | Q1: Margem | R1: Resultado − terreno (R$)
A2: Estudo 1 – 2Q e 3Q, CA básico (2,5) | B2: 64 | C2: 48 | D2: 16 | E2: 0 | F2: 1965.6 | G2: 848 | H2: 0 | I2: 67 | J2: 67 | K2: =MAX(0,I2-J2) | L2: 4170.4 | M2: 1055.83 | N2: =L2*Premissas!$B$7+M2*Premissas!$B$8+E2*Premissas!$B$9+Premissas!$B$10 | O2: =F2*Premissas!$B$3+G2*Premissas!$B$4+H2*Premissas!$B$5+K2*Premissas!$B$6 | P2: =O2-N2 | Q2: =P2/O2 | R2: =P2-Premissas!$B$11
A3: Estudo 2 – 2Q e 3Q, CA máximo (3,0) | B3: 66 | C3: 22 | D3: 44 | E3: 0 | F3: 962.94 | G3: 2492.6 | H3: 0 | I3: 69 | J3: 69 | K3: =MAX(0,I3-J3) | L3: 4982.77 | M3: 1055.83 | N3: =L3*Premissas!$B$7+M3*Premissas!$B$8+E3*Premissas!$B$9+Premissas!$B$10 | O3: =F3*Premissas!$B$3+G3*Premissas!$B$4+H3*Premissas!$B$5+K3*Premissas!$B$6 | P3: =O3-N3 | Q3: =P3/O3 | R3: =P3-Premissas!$B$11
A4: Estudo 3 – 2Q e 3Q, CA máx., 2 subsolos | B4: 80 | C4: 60 | D4: 20 | E4: 0 | F4: 2410.2 | G4: 1039.8 | H4: 0 | I4: 84 | J4: 84 | K4: =MAX(0,I4-J4) | L4: 4972.44 | M4: 2111.67 | N4: =L4*Premissas!$B$7+M4*Premissas!$B$8+E4*Premissas!$B$9+Premissas!$B$10 | O4: =F4*Premissas!$B$3+G4*Premissas!$B$4+H4*Premissas!$B$5+K4*Premissas!$B$6 | P4: =O4-N4 | Q4: =P4/O4 | R4: =P4-Premissas!$B$11
A5: Estudo 4 – 2Q e studios, CA básico (2,5) | B5: 98 | C5: 14 | D5: 0 | E5: 84 | F5: 581.42 | G5: 0 | H5: 2216.76 | I5: 44 | J5: 44 | K5: =MAX(0,I5-J5) | L5: 4166.75 | M5: 1055.83 | N5: =L5*Premissas!$B$7+M5*Premissas!$B$8+E5*Premissas!$B$9+Premissas!$B$10 | O5: =F5*Premissas!$B$3+G5*Premissas!$B$4+H5*Premissas!$B$5+K5*Premissas!$B$6 | P5: =O5-N5 | Q5: =P5/O5 | R5: =P5-Premissas!$B$11
A6: Estudo 5 – 2Q e studios, CA máximo (3,0) | B6: 112 | C6: 32 | D6: 0 | E6: 80 | F6: 1324.48 | G6: 0 | H6: 2104 | I6: 61 | J6: 61 | K6: =MAX(0,I6-J6) | L6: 4961.4 | M6: 1055.83 | N6: =L6*Premissas!$B$7+M6*Premissas!$B$8+E6*Premissas!$B$9+Premissas!$B$10 | O6: =F6*Premissas!$B$3+G6*Premissas!$B$4+H6*Premissas!$B$5+K6*Premissas!$B$6 | P6: =O6-N6 | Q6: =P6/O6 | R6: =P6-Premissas!$B$11
A7: Estudo 6 – studios + 2Q, CA máximo (3,0) | B7: 120 | C7: 20 | D7: 0 | E7: 100 | F7: 826.2 | G7: 0 | H7: 2624 | I7: 56 | J7: 56 | K7: =MAX(0,I7-J7) | L7: 4972.44 | M7: 1055.83 | N7: =L7*Premissas!$B$7+M7*Premissas!$B$8+E7*Premissas!$B$9+Premissas!$B$10 | O7: =F7*Premissas!$B$3+G7*Premissas!$B$4+H7*Premissas!$B$5+K7*Premissas!$B$6 | P7: =O7-N7 | Q7: =P7/O7 | R7: =P7-Premissas!$B$11
A9: Nenhuma opção atinge 130 unidades: sem contrapartida de EIV. Custos ±20% (CUB-PR ago/2026, R8-N).
